,mono,diz,h2
Test 1,0.9588551070353735,0.5125598486594132,0.8925905167519206
test 2,0.9467152418444935,0.5731608949081269,0.7471086938727332
test 3,0.9460027794215701,0.5646019220981561,0.762801714646828
test4,0.974436215310442,0.5460292891097172,0.8568138524014497
