,mono,diz,h2
Test 1,0.17941351034978953,-0.0008117503522406795,0.3604505214040604
test 2,0.09950750308697119,0.31345955079630294,-0.4279040954186635
test 3,0.13091796608893236,0.1958926456709943,-0.12994935916412387
test4,0.2878623831556016,-0.1569593034017059,0.8896433731146149
