,mono,diz,h2
Test 1,0.10561750138055724,-0.15892087763166954,0.5290767580244535
test 2,0.42882120912337557,-0.17657863550286362,1.2107996892524784
test 3,0.5636669404717584,-0.04857878981616714,1.224491460575851
test4,-0.06084406958255379,0.11522743981594338,-0.35214301879699433
