,mono,diz,h2
Test 1,-0.022532613967236027,-0.16585202357555448,0.2866388192166369
test 2,0.49281616948213414,-0.07874832102853827,1.1431289810213447
test 3,0.4137415171155681,-0.008001934161212958,0.8434869025535622
test4,0.7515539945211482,0.5097335016713579,0.4836409856995807
