,mono,diz,h2
Test 1,0.737874244833378,0.6897215351901252,0.0963054192865056
test 2,0.12638662945936244,-0.10125233446454396,0.4552779278478128
test 3,0.11344683902796088,0.041121352810026525,0.14465097243586872
test4,-0.07274329186234706,0.009755240278322802,-0.16499706428133973
