,mono,diz,h2
Test 1,0.08399731922797643,0.08292746537359105,0.002139707708770755
test 2,0.5636996755391838,-0.00716296095755778,1.141725272993483
test 3,0.5552222140362588,0.11344768632226689,0.8835490554279839
test4,0.8199972166953478,0.3509876046547291,0.9380192240812373
