,mono,diz,h2
Test 1,0.2342887321112546,0.029844946985104825,0.40888757025229955
test 2,0.1515826616738272,-0.12474501081913122,0.5526553449859168
test 3,0.11676245594223394,-0.004762639069806655,0.2430501900240812
test4,-0.13703883413162332,-0.13750882126661165,0.0009399742699766622
