,mono,diz,h2
Test 1,0.17941351034978953,-0.17228880991977227,0.7034046405391237
test 2,0.09950750308697119,0.20225832107286318,-0.20550163597178397
test 3,0.13091796608893236,0.2644873271487597,-0.2671387221196547
test4,0.2878623831556016,0.6298135922227387,-0.6839024181342742
