,mono,diz,h2
Test 1,0.17941351034978953,0.00816071927107078,0.3425055821574375
test 2,0.09950750308697119,0.3158715444558028,-0.43272808273766317
test 3,0.13091796608893236,0.20385952064733148,-0.14588310911679825
test4,0.2878623831556016,-0.1817929117098737,0.9393105897309506
